"MeanGrowthRateCa","MeanGrowthRateLp","MeanInterceptCa","MeanInterceptLp"
0.535591495978119,0.431548548496248,-5.30004774205546,-5.6694445088641
